Aal,Aal
Aale,Aa|le
Aaron,Aa|ron
Abbau,Ab|bau
Abkommen,Ab|kom|men
Abnahme,Ab|nah|me
Achse,Ach|se
Adler,Ad|ler
Affe,Af|fe
Affen,Af|fen
Aglukkaq,A|gluk|kaq
Ahmed,Ah|med
Aktionen,Ak|ti|o|nen
Alaskas,A|las|kas
Albatros,Al|ba|tros
Albatrosse,Al|ba|tros|se
Albert,Al|bert
Alex,A|lex
Alexander,A|lex|an|der
Alexandra,A|lex|an|dra
Alfred,Al|fred
Alligator,Al|li|ga|tor
Alligatoren,Al|li|ga|to|ren
Ameise,A|mei|se
Ameisen,A|mei|sen
Amsel,Am|sel
Amseln,Am|seln
Amöbe,A|mö|be
Amöben,A|mö|ben
Anatoli,A|na|to|li
Andrea,An|dre|a
Andreas,An|dre|as
Anna,An|na
Annabelle,An|na|belle
Anne,An|ne
Anrainerstaaten,An|rai|ner|staa|ten
Ansgar,Ans|gar
Ansprache,An|spra|che
April,A|pril
Arbeitsgruppen,Ar|beits|grup|pen
Arktis,Ark|tis
Arktis-Staaten,Ark|tis-|Staa|ten
Armin,Ar|min
Aspekte,As|pek|te
Assessment,As|sess|ment
Astrid,As|trid
Athabaskan,A|tha|bas|kan
Athabasken,A|tha|bas|ken
Auerhahn,Au|er|hahn
Auerhähne,Au|er|häh|ne
August,Au|gust
Ausrückgetriebe,Aus|rück|ge|trie|be
Ausschuss,Aus|schuss
Auster,Aus|ter
Austern,Aus|tern
Außenminister,Au|ßen|mi|nis|ter
Axolotl,Axo|lotl
Bache,Ba|che
Bachen,Ba|chen
Barney,Bar|ney
Barry,Bar|ry
Barsch,Barsch
Barsche,Bar|sche
Basti,Bas|ti
Bastian,Bas|ti|an
Baumhöhlenlaubfrosch,Baum|höh|len|laub|frosch
Baumhöhlenlaubfrösche,Baum|höh|len|laub|frö|sche
Beate,Be|a|te
Beispiel,Bei|spiel
Beobachter,Be|o|bach|ter
Beobachterstaaten,Be|o|bach|ter|staa|ten
Beobachterstatus,Be|o|bach|ter|sta|tus
Bernadette,Ber|na|dette
Bernd,Bernd
Berndt,Berndt
Bert,Bert
Berta,Ber|ta
Bertold,Ber|told
Beteiligungsrecht,Be|tei|li|gungs|recht
Biber,Bi|ber
Biegefeder,Bie|ge|fe|der
Biene,Bie|ne
Bienen,Bie|nen
Bill,Bill
Blattfeder,Blatt|fe|der
Blattlaus,Blatt|laus
Blattläuse,Blatt|läu|se
Blaumeise,Blau|mei|se
Blaumeisen,Blau|mei|sen
Blauwal,Blau|wal
Blauwale,Blau|wa|le
Blindschleiche,Blind|schlei|che
Blindschleichen,Blind|schlei|chen
Bobtail,Bob|tail
Bobtails,Bob|tails
Bodenschätzen,Bo|den|schät|zen
Bolzen,Bol|zen
Borstenwurm,Bors|ten|wurm
Borstenwürmer,Bors|ten|wür|mer
Braunbär,Braun|bär
Braunbären,Braun|bä|ren
Brigitte,Bri|git|te
Brillenschlange,Bril|len|schlan|ge
Brillenschlangen,Bril|len|schlan|gen
Britta,Brit|ta
Brunhilde,Brun|hil|de
Bruno,Bru|no
Buchfink,Buch|fink
Buchfinken,Buch|fin|ken
Bulldogge,Bull|dog|ge
Bulldoggen,Bull|dog|gen
Bulle,Bul|le
Bullen,Bul|len
Bär,Bär
Bären,Bä|ren
Caecilia,Cae|ci|li|a
Caesar,Cae|sar
Caitlin,Cait|lin
Caleb,Ca|leb
Calvin,Cal|vin
Carlo,Car|lo
Carmen,Car|men
Carola,Ca|ro|la
Caspar,Cas|par
Cecile,Ce|cile
Cedric,Ced|ric
Celeste,Ce|leste
China,Chi|na
Chow-Chow,Chow-|Chow
Chow-Chows,Chow-|Chows
Christian,Chris|ti|an
Christina,Chris|ti|na
Christoph,Chris|toph
Claudia,Clau|di|a
Climate,Cli|mate
Clownfisch,Clown|fisch
Clownfische,Clown|fi|sche
Cordula,Cor|du|la
Council,Coun|cil
Dachorganisationen,Dach|or|ga|ni|sa|ti|o|nen
Dachs,Dachs
Dachse,Dach|se
Dachverband,Dach|ver|band
Dackel,Da|ckel
Dagmar,Dag|mar
Dagobert,Da|go|bert
Dalmatiner,Dal|ma|ti|ner
Damwild,Dam|wild
Dana,Da|na
Daniel,Da|ni|el
Daniela,Da|nie|la
Darius,Da|ri|us
Darwinfink,Dar|win|fink
Darwinfinken,Dar|win|fin|ken
David,Da|vid
Deacon,Dea|con
Debora,De|bo|ra
Delegation,De|le|ga|ti|on
Delfin,Del|fin
Delfine,Del|fi|ne
Delphin,Del|phin
Delphine,Del|phi|ne
Denise,De|nise
Dennis,Den|nis
Deutschland,Deutsch|land
Dezember,De|zem|ber
Diana,Di|a|na
Diane,Di|a|ne
Dichtung,Dich|tung
Dieter,Die|ter
Dimitrij,Di|mi|trij
Dingo,Din|go
Dingos,Din|gos
Dirk,Dirk
Dobermann,Do|ber|mann
Dobermänner,Do|ber|män|ner
Dohle,Doh|le
Dohlen,Doh|len
Drossel,Dros|sel
Drosseln,Dros|seln
Dänemark,Dä|ne|mark
Ebenen,E|be|nen
Eber,E|ber
Eberhardt,E|ber|hardt
Edeltraut,E|del|traut
Eichelhäher,Ei|chel|häh|er
Eichhörnchen,Eich|hörn|chen
Eidechse,Ei|dech|se
Eidechsen,Ei|dech|sen
Eike,Ei|ke
Eileen,Ei|leen
Eisbär,Eis|bär
Eisbären,Eis|bä|ren
Eises,Ei|ses
Elch,Elch
Elche,El|che
Elefant,E|le|fant
Elefanten,E|le|fan|ten
Elena,E|le|na
Elfriede,El|frie|de
Elisabeth,E|li|sa|beth
Ellipsenrad,El|lip|sen|rad
Elmar,El|mar
Elster,Els|ter
Elstern,Els|tern
Emanuela,E|ma|nu|e|la
Ende,En|de
Engagement,En|gage|ment
Enrico,En|ri|co
Ente,En|te
Enten,En|ten
Entscheidungen,Ent|schei|dun|gen
Entwicklung,Ent|wick|lung
Entwicklungsprogramm,Ent|wick|lungs|pro|gramm
Entwicklungsvorhaben,Ent|wick|lungs|vor|ha|ben
Erdmännchen,Erd|männ|chen
Erforschung,Er|for|schung
Erhardt,Er|hardt
Erich,E|rich
Erik,E|rik
Erika,E|ri|ka
Erklärung,Er|klä|rung
Erwin,Er|win
Erwärmung,Er|wär|mung
Esel,E|sel
Eskimos,Es|ki|mos
Esther,Es|ther
Eule,Eu|le
Eulen,Eu|len
Fabian,Fa|bi|an
Fabienne,Fa|bi|enne
Falke,Fal|ke
Falken,Fal|ken
Farhad,Far|had
Fase,Fa|se
Faysal,Fay|sal
Februar,Fe|bru|ar,
Feder,Fe|der
Felice,Fe|li|ce
Felix,Fe|lix
Ferdinand,Fer|di|nand
Ferkel,Fer|kel
Festlager,Fest|la|ger
Feuerqualle,Feu|er|qual|le
Feuerquallen,Feu|er|qual|len
Feuersalamander,Feu|er|sa|la|man|der
Finnland,Finn|land
Finnlands,Finn|lands
Fiona,Fi|o|na
Fischotter,Fisch|ot|ter
Flachriemen,Flach|rie|men
Flaschenzug,Fla|schen|zug
Fledermaus,Fle|der|maus
Fledermäuse,Fle|der|mäu|se
Fliege,Flie|ge
Fliegen,Flie|gen
Flunder,Flun|der
Flundern,Flun|dern
Flusskrebs,Fluss|krebs
Flusskrebse,Fluss|kreb|se
Folgen,Fol|gen
Forelle,Fo|rel|le
Forellen,Fo|rel|len
Forschungsprojekte,For|schungs|pro|jek|te
Forum,Fo|rum
Francisco,Fran|cis|co
Frank,Frank
Frankreich,Frank|reich
Franz,Franz
Franziska,Fran|zis|ka
Frauke,Frau|ke
Frederik,Fre|de|rik
Frederike,Fre|de|ri|ke
Frettchen,Frett|chen
Freya,Frey|a
Frieda,Frie|da
Frischling,Frisch|ling
Frischlinge,Frisch|lin|ge
Fruchtfliege,Frucht|flie|ge
Fruchtfliegen,Frucht|flie|gen
Fuchs,Fuchs
Fund,Fund
Föderation,Fö|de|ra|ti|on
Füchse,Füch|se
Gabriel,Ga|bri|el
Gabriela,Ga|bri|e|la
Garnele,Gar|ne|le
Garnelen,Gar|ne|len
Gas,Gas
Gazelle,Ga|zel|le
Gazellen,Ga|zel|len
Gehäuse,Ge|häu|se
Gelbbauchunke,Gelb|bauch|un|ke
Gelbbauchunken,Gelb|bauch|un|ken
Gerald,Ge|rald
Geraldine,Ge|ral|dine
Gerd,Gerd
Gerhard,Ger|hard
Gesundheit,Ge|sund|heit
Gewinde,Ge|win|de
Gina,Gi|na
Giraffe,Gi|raf|fe
Giraffen,Gi|raf|fen
Gisela,Gi|se|la
Gleitlager,Gleit|la|ger
Gnu,Gnu
Gnus,Gnus
Goldfisch,Gold|fisch
Goldfische,Gold|fi|sche
Grabwespe,Grab|wes|pe
Grabwespen,Grab|wes|pen
Grashüpfer,Gras|hüp|fer
Graugans,Grau|gans
Graugänse,Grau|gänse
Grauwal,Grau|wal
Grauwale,Grau|wa|le
Greenpeace,Green|peace
Gregor,Gre|gor
Gremiums,Gre|mi|ums
Grete,Gre|te
Grund,Grund
Grönland,Grön|land
Grönlands,Grön|lands
Gründung,Grün|dung
Gudrun,Gu|drun
Guido,Gui|do
Gundula,Gun|du|la
Gussgehäuse,Guss|ge|häu|se
Gustav,Gus|tav
Gwich,Gwich
Günther,Gün|ther
Habicht,Ha|bicht
Habichte,Ha|bich|te
Hahn,Hahn
Hai,Hai
Haie,Hai|e
Haifisch,Hai|fisch
Haifische,Hai|fi|sche
Halina,Ha|li|na
Hammerhai,Ham|mer|hai
Hammerhaie,Ham|mer|hai|e
Hamster,Hams|ter
Handelsrouten,Han|dels|rou|ten
Hannah,Han|nah
Hans,Hans
Harald,Ha|rald
Harry,Har|ry
Hartmut,Hart|mut
Hase,Ha|se
Hasen,Ha|sen
Hausgans,Haus|gans
Hausgänse,Haus|gän|se
Hedwig,Hed|wig
Heidi,Hei|di
Heilbutt,Heil|butt
Heilbutte,Heil|but|te
Helena,He|le|na
Helmut,Hel|mut
Hengst,Hengst
Hengste,Hengs|te
Henriette,Hen|ri|et|te
Herbert,Her|bert
Hering,He|ring
Heringe,He|rin|ge
Hermelin,Her|me|lin
Hermeline,Her|me|li|ne
Hermine,Her|mi|ne
Heuschrecke,Heu|schre|cke
Heuschrecken,Heu|schre|cken
Hildegard,Hil|de|gard
Hirsch,Hirsch
Hirsche,Hir|sche
Hochschulnetzwerk,Hoch|schul|netz|werk
Hohlniet,Hohl|niet
Hornisse,Hor|nis|se
Hornissen,Hor|nis|sen
Hornkieselschwamm,Horn|kie|sel|schwamm
Hornkieselschwämme,Horn|kie|sel|schwäm|me
Hovawart,Ho|va|wart
Hovawarte,Ho|va|war|te
Hubert,Hu|bert
Huhn,Huhn
Hummel,Hum|mel
Hummeln,Hum|meln
Hummer,Hum|mer
Hund,Hund
Hunde,Hun|de
Husky,Hus|ky
Huskys,Hus|kys
Hyäne,Hy|ä|ne
Hyänen,Hy|ä|nen
Hähne,Häh|ne
Höckerschwan,Hö|cker|schwan
Höckerschwäne,Hö|cker|schwä|ne
Hühner,Hüh|ner
Ian,I|an
Ida,I|da
Igel,I|gel
Igor,I|got
Ilja,Il|ja
Ilse,Il|se
Immo,Im|mo
Ina,I|na
Indien,In|di|en
Inga,In|ga
Ingmar,Ing|mar
Ingo,In|go
Ingolf,In|golf
Interessenausgleich,In|te|res|sen|aus|gleich
Inuit,I|nu|it
Inuk,I|nuk
Irene,I|re|ne
Iris,I|ris
Isabella,I|sa|bel|la
Isabelle,I|sa|belle
Island,Is|land
Italien,I|ta|li|en
Jack,Jack
Jacqueline,Jacque|line
Jahr,Jahr
Jahre,Jah|re
Jakob,Ja|kob
James,James
Jan,Jan
Jana,Ja|na
Janette,Ja|nette
Janice,Ja|nice
Janine,Ja|nine
Jannik,Jan|nik
Januar,Ja|nu|ar
Japan,Ja|pan
Jasmin,Jas|min
Jason,Ja|son
Jasper,Jas|per
Jeffrey,Jeff|rey
Jelena,Je|le|na
Jennifer,Jen|ni|fer
Jens,Jens
Jerome,Je|rome
Jessica,Jes|si|ca
Jesus,Je|sus
Jonas,Jo|nas
Jonathan,Jo|na|than
Judith,Ju|dith
Jule,Ju|le
Juli,Ju|li
Julia,Ju|lia
Julian,Ju|li|an
Julius,Ju|li|us
Juni,Ju|ni
Justin,Jus|tin
Jutta,Jut|ta
Kai,Kai
Kaiman,Kai|man
Kaimane,Kai|ma|ne
Kalb,Kalb
Kalle,Kal|le
Kanada,Ka|na|da
Kanadas,Ka|na|das
Kaninchen,Ka|nin|chen
Karl,Karl
Karla,Kar|la
Karpfen,Karp|fen
Karsten,Kar|sten
Katharina,Ka|tha|ri|na
Katja,Kat|ja
Katrin,Ka|trin
Katze,Kat|ze
Katzen,Kat|zen
Kegelrad,Ke|gel|rad
Kegelscheibe,Ke|gel|schei|be
Keiler,Kei|ler
Keilriemen,Keil|rie|men
Kellerassel,Kel|ler|as|sel
Kellerasseln,Kel|ler|as|seln
Kernlochbohrung,Kern|loch|boh|rung
Kerstin,Kers|tin
Kettentrieb,Ket|ten|trieb
Kevin,Ke|vin
Kiebitz,Kie|bitz
Kiebitze,Kie|bit|ze
Kilian,Ki|li|an
Kim,Kim
Kimberly,Kim|ber|ly
Kira,Ki|ra
Kirsten,Kirs|ten
Klaas,Klaas
Klaus,Klaus
Klimaschutz,Kli|ma|schutz
Klimawandels,Kli|ma|wan|dels
Knurrhahn,Knurr|hahn
Knurrhähne,Knurr|häh|ne
Knut,Knut
Kobra,Ko|bra
Kobras,Ko|bras
Kohlmeise,Kohl|mei|se
Kohlmeisen,Kohl|mei|sen
Kolkrabe,Kolk|ra|be
Kolkraben,Kolk|ra|ben
Kommission,Kom|mis|si|on
Konrad,Kon|rad
Konstantin,Kon|stan|tin
Kooperation,Ko|o|pe|ra|ti|on
Koordinationsstelle,Ko|or|di|na|ti|ons|stel|le
Kopenhagen,Ko|pen|ha|gen
Korbinian,Kor|bi|nian
Kordula,Kor|du|la
Kragengeißeltierchen,Kra|gen|gei|ßel|tier|chen
Kranich,Kra|nich
Kraniche,Kra|ni|che
Kreuzspinne,Kreuz|spin|ne
Kreuzspinnen,Kreuz|spin|nen
Krista,Kris|ta
Krokodil,Kro|ko|dil
Krokodile,Kro|ko|di|le
Kronenrad,Kro|nen|rad
Krähe,Krä|he
Krähen,Krä|hen
Kuckuck,Ku|ckuck
Kuckucke,Ku|cku|cke
Kuh,Kuh
Kupplung,Kupp|lung
Kurbelwelle,Kur|bel|wel|le
Kurt,Kurt
Kälber,Käl|ber
Känguru,Kän|gu|ru
Känguruh,Kän|gu|ruh
Känguruhs,Kän|gu|ruhs
Kängurus,Kän|gu|rus
Käthe,Kä|the
Käuzchen,Käuz|chen
Königreich,Kö|nig|reich
Kühe,Kü|he
Lachs,Lachs
Lachse,La|chse
Lager,La|ger
Lagersitz,La|ger|sitz
Lamm,Lamm
Lana,La|na
Languste,Lan|gus|te
Langusten,Lan|gus|ten
Lara,La|ra
Larissa,La|ris|sa
Lars,Lars
Larve,Lar|ve
Larven,Lar|ven
Lasse,Las|se
Laufhund,Lauf|hund
Laufhunde,Lauf|hun|de
Laura,Lau|ra
Lea,Le|a
Leander,Le|an|der
Leben,Le|ben
Leif,Leif
Lemming,Lem|ming
Lemminge,Lem|min|ge
Lemmy,Lem|my
Lena,Le|na
Lene,Le|ne
Leni,Le|ni
Lennard,Len|nard
Lenny,Len|ny
Leo,Le|o
Leon,Le|on
Leona,Le|o|na
Leonard,Le|o|nard
Leonidas,Le|o|ni|das
Leonie,Le|o|nie
Leopold,Le|o|pold
Lia,Lia
Liam,Li|am
Liana,Lia|na
Libelle,Li|bel|le
Libellen,Li|bel|lee
Lieselotte,Lie|se|lot|te
Lilith,Li|lith
Lina,Li|na
Linda,Lin|da
Linus,Li|nus
Lisa,Li|sa
Lisanne,Li|san|ne
Lolita,Lo|li|ta
Lorena,Lo|re|na
Loslager,Los|la|ger
Lothar,Lo|thar
Lotta,Lot|ta
Lotte,Lot|te
Luana,Lu|a|na
Luca,Lu|ca
Luchs,Luchs
Luchse,Lu|chse
Lucy,Lu|cy
Ludwig,Lud|wig
Luisa,Lui|sa
Luise,Lui|se
Lukas,Lu|kas
Luke,Luke
Luna,Lu|na
Lurch,Lurch
Lurche,Lur|che
Lutz,Lutz
Lynn,Lynn
Lämmer,Läm|mer
Länder,Län|der
Löwe,Lö|we
Löwen,Lö|wen
Löwin,Lö|win
Löwinnen,Lö|win|nen
Made,Ma|de
Maden,Ma|den
Madita,Ma|di|ta
Magdalena,Mag|da|le|na
Magnus,Mag|nus
Mai,Mai
Maik,Maik
Maike,Mai|ke
Maikäfer,Mai|kä|fer
Maja,Ma|ya
Malik,Ma|lik
Malte,Mal|te
Mandy,Man|dy
Manfred,Man|fred
Manuel,Ma|nu|el
Manuela,Ma|nu|e|la
Mara,Ma|ra
Marc,Marc
Marcel,Mar|cel
Marco,Mar|co
Marcus,Mar|cus
Marder,Mar|der
Mareike,Ma|rei|ke
Maren,Ma|ren
Margarete,Mar|ga|re|te
Margot,Mar|got
Margret,Mar|gret
Maria,Ma|ria
Marianne,Ma|ri|an|ne
Marie,Ma|rie
Marienkäfer,Ma|rien|kä|fer
Marina,Ma|ri|na
Mario,Ma|rio
Marion,Ma|ri|on
Marius,Ma|ri|us
Mark,Mark
Markus,Mar|kus
Marlene,Mar|le|ne
Marlon,Mar|lon
Maro,Ma|ro
Marten,Mar|ten
Martha,Mar|tha
Martin,Mar|tin
Martina,Mar|ti|na
Marvin,Mar|vin
Mats,Mats
Matteo,Mat|teo
Mattes,Mat|tes
Matthias,Mat|thi|as
Maultier,Maul|tier
Maultiere,Maul|tie|re
Maulwurf,Maul|wurf
Maulwürfe,Maul|wür|fe
Maurice,Mau|rice
Maus,Maus
Max,Max
Maxim,Ma|xim
Maximilian,Ma|xi|mi|li|an
Mechtild,Mech|tild
Melanie,Me|la|nie
Melinda,Me|lin|da
Melissa,Me|lis|sa
Melvin,Mel|vin
Merle,Mer|le
Mia,Mia
Micha,Mi|cha
Michael,Mi|cha|el
Michaela,Mi|cha|e|la
Michel,Mi|chel
Michelle,Mi|chelle
Mieke,Mie|ke
Miesmuschel,Mies|mu|schel
Miesmuscheln,Mies|mu|scheln
Mika,Mi|ka
Mike,Mike
Milan,Mi|lan
Milane,Mi|la|ne
Milbe,Mil|be
Milben,Mil|ben
Mildred,Mil|dred
Milena,Mi|le|na
Milo,Mi|lo
Mina,Mi|na
Ministerin,Mi|nis|te|rin
Minna,Min|na
Mira,Mi|ra
Miriam,Mi|ri|am
Mirko,Mir|ko
Mistkäfer,Mist|kä|fer
Mitgliedern,Mit|glie|dern
Mitgliedsstaaten,Mit|glieds|staa|ten
Mohammed,Mo|ham|med
Molch,Molch
Molche,Mol|che
Mona,Mo|na
Monika,Mo|ni|ka
Monique,Mo|nique
Mooskuh,Moos|kuh
Mooskühe,Moos|kü|he
Moritz,Mo|ritz
Motte,Mot|te
Motten,Mot|ten
Muli,Mu|li
Mulis,Mu|lis
Muräne,Mu|rä|ne
Muränen,Mu|rä|nen
Muschel,Mu|schel
Muscheln,Mu|scheln
März,März
Mäuse,Mäu|se
Möwe,Mö|we
Möwen,Mö|wen
Nacktschnecke,Nackt|schne|cke
Nacktschnecken,Nackt|schne|cken
Nadine,Na|dine
Nancy,Nan|cy
Naomi,Na|o|mi
Natalie,Na|ta|lie
Nathan,Na|than
Nationen,Na|ti|o|nen
Natter,Nat|ter
Nattern,Nat|tern
Natur,Na|tur
Navigation,Na|vi|ga|ti|on
Neele,Nee|le
Nele,Ne|le
Nelly,Nel|ly
Nemo,Ne|mo
Neo,Ne|o
Nerz,Nerz
Nerze,Ner|ze
Nesseltier,Nes|sel|tier
Nesseltiere,Nes|sel|tie|re
Neufundländer,Neu|fund|län|der
Nichtregierungsorganisationen,Nicht|re|gie|rungs|or|ga|ni|sa|ti|o|nen
Nick,Nick
Nico,Ni|co
Nicole,Ni|cole
Niederlande,Nie|der|lan|de
Niet,Niet
Nikita,Ni|ki|ta
Niklas,Ni|klas
Niko,Ni|ko
Nikolas,Ni|ko|las
Nils,Nils
Nina,Ni|na
Noah,No|ah
Nockenwelle,No|cken|wel|le
Noel,No|el
Nora,No|ra
Norden,Nor|den
Norwegen,Nor|we|gen
Norwegens,Nor|we|gens
November,No|vem|ber
Nuuk,Nuuk
O-Ring,O-|Ring
Observer,Ob|ser|ver
Ochse,Och|se
Ochsen,Och|sen
Oktober,Ok|to|ber
Oktopus,Ok|to|pus
Oktopusse,Ok|to|pus|se
Olaf,O|laf
Ole,O|le
Olga,Ol|ga
Oliver,O|li|ver
Olivia,O|li|via
Organisation,Or|ga|ni|sa|ti|on
Organisationen,Or|ga|ni|sa|ti|o|nen
Orka,Or|ka
Orkas,Or|kas
Oskar,Os|kar
Osten,Os|ten
Ottawa,Ot|ta|wa
Otter,Ot|ter
Otto,Ot|to
Ozelot,O|ze|lot
Ozelots,O|ze|lots
Pamela,Pa|me|la
Pangasius,Pan|ga|si|us
Papagei,Pa|pa|gei
Papageien,Pa|pa|gei|en
Papierdichtung,Pa|pier|dich|tung
Parabelfeder,Pa|ra|bel|fe|der
Parlamentarier,Par|la|men|ta|ri|er
Pascal,Pas|cal
Passagierschifffahrt,Pas|sa|gier|schiff|fahrt
Patrick,Pa|trick
Patrizia,Pa|tri|zia
Paul,Paul
Paula,Pau|la
Paulina,Pau|li|na
Pauline,Pau|li|ne
Pazifik,Pa|zi|fik
Peer,Peer
Pelikan,Pe|li|kan
Pelikane,Pe|li|ka|ne
Penelope,Pe|ne|lo|pe
Pepe,Pe|pe
Perspektiven,Pers|pek|ti|ven
Peter,Pe|ter
Petra,Pe|tra
Pferd,Pferd
Pfer|de,Pfer|de
Phil,Phil
Philip,Phi|lip
Phillipp,Phil|lipp
Pia,Pia
Piet,Piet
Pinguin,Pin|gu|in
Pinguine,Pin|gu|ine
Pinscher,Pin|scher
Piranha,Pi|ran|ha
Piranhas,Pi|ran|has
Polarregion,Po|lar|re|gi|on
Polarregionen,Po|lar|re|gi|o|nen
Polen,Po|len
Pompeo,Pom|pe|o
Producers,Pro|du|cers
Projekte,Pro|jek|te
Protektion,Pro|tek|ti|on
Pro|gramm,Pro|gramm
Pudel,Pu|del
Python,Py|thon
Pythons,Py|thons
Qamar,Qa|mar
Qitura,Qi|tu|ra
Quabil,Qua|bil
Qualle,Qual|le
Quallen,Qual|len
Quanah,Qua|nah
Quastenflosser,Quas|ten|flos|ser
Queena,Quee|na
Quelltext,Quell|text
Quentin,Quen|tin
Quintus,Quin|tus
Rabe,Ra|be
Raben,Ra|ben
Radialwellendichtring,Ra|di|al|wel|len|dicht|ring
Rainer,Rai|ner
Ralf,Ralf
Ramona,Ra|mo|na
Raphael,Ra|pha|el
Rat,Rat
Rates,Ra|tes
Ratte,Rat|te
Ratten,Rat|ten
Raupe,Rau|pe
Raupen,Rau|pen
Rebecca,Re|bec|ca
Regenwurm,Re|gen|wurm
Regenwürmer,Re|gen|wür|mer
Regina,Re|gi|na
Region,Re|gi|on
Reh,Reh
Rehbock,Reh|bock
Rehböcke,Reh|bö|cke
Rehe,Re|he
Reiher,Reih|er
Reiner,Rei|ner
Reinhardt,Rein|hardt
Renate,Re|na|te
Rene,Re|ne
Renke,Ren|ke
Renken,Ren|ken
Rennmaus,Renn|maus
Rennmäuse,Renn|mäu|se
Rescue,Res|cue
Ressourcen,Res|sour|cen
Rettungseinsätze,Ret|tungs|ein|sät|ze
Richard,Ri|chard
Rieke,Rie|ke
Riemenscheibe,Rie|men|schei|be
Riementrieb,Rie|men|trieb
Rind,Rind
Rinder,Rin|der
Rippenqualle,Rip|pen|qual|le
Rippenquallen,Rip|pen|qual|len
Rita,Ri|ta
Robert,Ro|bert
Roberta,Ro|ber|ta
Robin,Ro|bin
Rohrdommel,Rohr|dom|mel
Rohrdommeln,Rohr|dom|meln
Roland,Ro|land
Rolf,Rolf
Rolle,Rol|le
Roman,Ro|man
Romy,Ro|my
Ronald,Ro|nald
Ronja,Ron|ja
Ronny,Ron|ny
Rosa,Ro|sa
Rosalie,Ro|sa|lie
Rosemarie,Ro|se|ma|rie
Rotbarsch,Rot|barsch
Rotbarsche,Rot|bar|sche
Rothalbmond-Gesellschaften,Rot|halb|mond-|Ge|sell|schaf|ten
Rothirsch,Rot|hirsch
Rothirsche,Rot|hir|sche
Rotkehlchen,Rot|kehl|chen
Rotkreuz,Rot|kreuz
Rotmilan,Rot|mi|lan
Rotmilane,Rot|mi|la|ne
Rottweiler,Rott|wei|ler
Routen,Rou|ten
Rovaniemi,Ro|va|ni|e|mi
Ruben,Ru|ben
Rudolf,Ru|dolf
Russland,Russ|land
Russlands,Russ|lands
Ruth,Ruth
Röhrenwurm,Röh|ren|wurm
Röhrenwürmer,Röh|ren|wür|mer
Rüdiger,Rü|di|ger
Saami,Saa|mi
Sabine,Sa|bi|ne
Sabrina,Sa|bri|na
Salamander,Sa|la|man|der
Salome,Sa|lo|me
Sam,Sam
Samantha,Sa|man|tha
Samen,Sa|men
Samira,Sa|mi|ra
Samuel,Sa|mu|el
San,San
Sandra,San|dra
Sara,Sa|ra
Sarah,Sa|rah
Sascha,Sa|scha
Saskia,Sas|kia
Sau,Sau
Schabe,Scha|be
Schaben,Scha|ben
Schaf,Schaf
Schafe,Scha|fe
Schakal,Scha|kal
Schakale,Scha|ka|le
Schellfisch,Schell|fisch
Schellfische,Schell|fi|sche
Schildkröte,Schild|krö|te
Schildkröten,Schild|krö|ten
Schirmherrschaft,Schirm|herr|schaft
Schlange,Schlan|ge
Schlangen,Schlan|gen
Schlusserklärung,Schluss|er|klä|rung
Schmetterling,Schmet|ter|ling
Schmetterlinge,Schmet|ter|lin|ge
Schnabeltier,Schna|bel|tier
Schnabeltiere,Schna|bel|tie|re
Schnauzer,Schnau|zer
Schnecke,Schne|cke
Schnecken,Schne|cken
Schneckenrad,Schne|cken|rad
Scholle,Schol|le
Schollen,Schol|len
Schraube,Schrau|be
Schwan,Schwan
Schweden,Schwe|den
Schwedens,Schwe|dens
Schweiz,Schweiz
Schweißgehäuse,Schweiß|ge|häu|se
Schweißnaht,Schweiß|naht
Schweißverbindung,Schweiß|ver|bin|dung
Schwertfisch,Schwert|fisch
Schwertfische,Schwert|fi|sche
Schwungrad,Schwung|rad
Schwäne,Schwä|ne
Schäferhund,Schä|fer|hund
Schäferhunde,Schä|fer|hun|de
Science,Sci|ence
Search,Search
Sebastian,Se|bas|tian
Sebi,Se|bi
Seehecht,See|hecht
Seehechte,See|hech|te
Seepferdchen,See|pferd|chen
Seestern,See|stern
Seesterne,See|ster|ne
Seeteufel,See|teu|fel
Seewespe,See|wes|pe
Seewespen,See|wes|pen
Seiltrieb,Seil|trieb
Selina,Se|li|na
September,Sep|tem|ber
Siamkatze,Si|am|kat|ze
Siamkatzen,Si|am|kat|zen
Sibylle,Si|byl|le
Sicherheit,Si|cher|heit
Siebenschläfer,Sie|ben|schlä|fer
Siegfried,Sieg|fried
Sigrid,Si|grid
Silberfischchen,Sil|ber|fisch|chen
Silke,Sil|ke
Silvia,Sil|via
Simon,Si|mon
Simone,Si|mo|ne
Singapur,Si|nga|pur
Sitz,Sitz
Skorpion,Skor|pi|on
Skorpione,Skor|pi|o|ne
Sonja,Son|ja
Sophia,So|phia
Sophie,So|phie
Spanien,Spa|ni|en
Spannrolle,Spann|rol|le
Spiegelkarpfen,Spie|gel|karp|fen
Spinne,Spin|ne
Spinnen,Spin|nen
Spiralfeder,Spi|ral|fe|der
Spreizniet,Spreiz|niet
Staaten,Staa|ten
Stefan,Ste|fan
Stefanie,Ste|fa|nie
Steffen,Stef|fen
Steinadler,Stein|ad|ler
Steinbutt,Stein|butt
Steinbutts,Stein|butts
Stella,Stel|la
Stephan,Ste|phan
Stephanie,Ste|pha|nie
Steven,Ste|ven
Stift,Stift
Stirnrad,Stirn|rad
Strandkrabbe,Strand|krab|be
Strandkrabben,Strand|krab|ben
Strategie,Stra|te|gie
Studie,Stu|di|e
Stufenscheibe,Stu|fen|schei|be
Stufenwelle,Stu|fen|wel|le
Stör,Stör
Störe,Stö|re
Suche,Su|che
Susanne,Su|san|ne
Sven,Sven
Svenja,Sven|ja
Säue,Säu|e
Sören,Sö|ren
Süden,Sü|den
Südkorea,Süd|ko|re|a
Tabea,Ta|be|a
Tamara,Ta|ma|ra
Tammo,Tam|mo
Tanja,Tan|ja
Tatjana,Tat|ja|na
Taube,Tau|be
Tauben,Tau|ben
Tausendfüßer,Tau|send|fü|ßer
Teilnehmer,Teil|neh|mer
Tellerfeder,Tel|ler|fe|der
Terrier,Ter|ri|er
Theo,The|o
Theresa,The|re|sa
Thilo,Thi|lo
Thomas,Tho|mas
Thorsten,Thor|sten
Thunfisch,Thun|fisch
Thunfische,Thun|fi|sche
Tim,Tim
Timo,Ti|mo
Timon,Ti|mon
Tina,Ti|na
Tintenfisch,Tin|ten|fisch
Tintenfische,Tin|ten|fi|sche
Tobias,To|bi|as
Tom,Tom
Torben,Tor|ben
Torsionsfeder,Tor|si|ons|fe|der
Torsten,Tor|sten
Treffen,Tref|fen
Tristan,Tris|tan
Tromsø,Trom|sø
Udo,U|do
Uhu,U|hu
Uhus,U|hus
Ulrich,Ul|rich
Umweltgrundlagen,Um|welt|grund|la|gen
Umweltprogramm,Um|welt|pro|gramm
Union,U|ni|on
Universität,U|ni|ver|si|tät
Unterlegscheibe,Un|ter|leg|schei|be
Ursula,Ur|su|la
Uta,U|ta
Ute,U|te
Uwe,U|we
Valentin,Va|len|tin
Valentina,Va|len|ti|na
Valerie,Va|le|rie
Vanessa,Va|nes|sa
Vera,Ve|ra
Verena,Ve|re|na
Verkehrsbereich,Ver|kehrs|be|reich
Veronika,Ve|ro|ni|ka
Vertreterin,Ver|tre|te|rin
Vertretung,Ver|tre|tung
Verzahnung,Ver|zah|nung
Vicky,Vi|cky
Viktor,Vik|tor
Viktoria,Vik|to|ria
Vincent,Vin|cent
Vivien,Vi|vien
Volker,Vol|ker
Volksrepublik,Volks|re|pu|blik
Vorsitz,Vor|sitz
Vortag,Vor|tag
Völker,Völ|ker
Völkern,Völ|kern
Wachsmotte,Wachs|mot|te
Wachsmotten,Wachs|mot|ten
Wal,Wal
Walburga,Wal|bur|ga
Wale,Wa|le
Walfisch,Wal|fisch
Walfische,Wal|fi|sche
Wallaby,Wal|la|by
Wallabys,Wal|la|bys
Walter,Wal|ter
Walther,Wal|ther
Waltraud,Wal|traud
Wanze,Wan|ze
Wanzen,Wan|zen
Waschbär,Wasch|bär
Waschbären,Wasch|bä|ren
Wattwurm,Watt|wurm
Wattwürmer,Watt|wür|mer
Weigerung,Wei|ge|rung
Weinbergschnecke,Wein|berg|schne|cke
Weinbergschnecken,Wein|berg|schne|cken
Welle,Wel|le
Wellenfeder,Wel|len|fe|der
Wels,Wels
Welse,Wel|se
Weltlage,Welt|la|ge
Werner,Wer|ner
Wespe,Wes|pe
Wespen,Wes|pen
Westen,Wes|ten
Wiebke,Wieb|ke
Wildkatze,Wild|kat|ze
Wildkatzen,Wild|kat|zen
Wildschwein,Wild|schwein
Wildschweine,Wild|schwei|ne
Wilfried,Wil|fried
Wilhelm,Wil|helm
Wilhelmine,Wil|mi|ne
William,Wil|liam
Willy,Wil|ly
Windhund,Wind|hund
Windhunde,Wind|hun|de
Wisent,Wi|sent
Wisente,Wi|sen|te
Wolf,Wolf
Wolfgang,Wolf|gang
Wolfsbarsch,Wolfs|barsch
Wolfsbarsche,Wolfs|bar|sche
Work,Work
World,World
Wälzkreis,Wälz|kreis
Wälzlager,Wälz|la|ger
Wölfe,Wöl|fe
Wüstenfuchs,Wüs|ten|fuchs
Wüstenfüchse,Wüs|ten|füchse
Xanthe,Xan|the
Xaver,Xa|ver
Xenia,Xe|nia
Xerxes,Xer|xes
Yadigar,Ya|di|gar
Yannik,Yan|nik
Yvonne,Y|vonne
Zacharias,Za|cha|ri|as
Zahnrad,Zahn|rad
Zahnriementrieb,Zahn|rie|men|trieb
Zahnstange,Zahn|stan|ge
Zebra,Ze|bra
Zebras,Ze|bras
Zecke,Ze|cke
Zecken,Ze|cken
Zentrierbohrung,Zen|trier|boh|rung
Ziege,Zie|ge
Ziegen,Zie|gen
Ziele,Zie|le
Zoe,Zo|e
Zoey,Zo|ey
Zusammenarbeit,Zu|sam|men|ar|beit
Zusammensetzung,Zu|sam|men|set|zung
Zwergdommel,Zwerg|dom|mel
Zwergdommeln,Zwerg|dom|meln
_Ureinwohner,Ur|ein|woh|ner
abdichten,ab|dich|ten
abgießen,ab|gie|ßen
abisolieren,ab|i|so|lie|ren
ablängen,ab|län|gen
abmanteln,ab|man|teln
abmessen,ab|mes|sen
abrichten,ab|rich|ten
abschmecken,ab|schme|cken
abschmieren,ab|schmie|ren
abstechen,ab|stech|en
absägen,ab|sä|gen
abtrocknen,ab|trock|nen
abtropfen,ab|tro|pfen
abwaschen,ab|wasch|en
abzüglich,ab|züg|lich
acht,acht
alle,al|le
allein,al|lein
allem,al|lem
allen,al|len
als,als
am,am
an,an
anderem,an|de|rem
anders,an|ders
andicken,an|di|cken
anfahren,an|fah|ren
anfasen,an|fa|sen
angesichts,an|ge|sichts
anhand,an|hand
anreißen,an|reiß|en
anschwitzen,an|schwit|zen
ansetzen,an|set|zen
anstatt,an|statt
anziehen,an|zieh|en
arktische,ark|ti|sche
arktischen,ark|ti|schen
arktischer,ark|ti|scher
auch,auch
auf,auf
aufgrund,auf|grund
aufschlagen,auf|schla|gen
aufwärmen,auf|wär|men
aus,aus
auskochen,aus|ko|chen
auslegen,aus|le|gen
ausnehmen,aus|neh|men
ausrichten,aus|rich|ten
ausschließlich,aus|schließ|lich
ausweislich,aus|weis|lich
außer,au|ßer
außerhalb,au|ßer|halb
backen,ba|cken
backte,back|te
backten,back|ten
backtest,back|test
backtet,back|tet
bar,bar
bearbeiten,be|ar|bei|ten
bedienen,be|die|nen
behufs,be|hufs
bei,bei
beim,beim
beispielsweise,bei|spiels|wei|se
bekannt,be|kannt
berechnen,be|rech|nen
beschichten,be|schich|ten
besitzen,be|sit|zen
bestimmte,be|stimm|te
bestreichen,be|strei|chen
bestrich,be|strich
bestrichen,be|strich|en
bestrichst,be|strichst
bestricht,be|stricht
betont,be|tont
bewerben,be|wer|ben
bezüglich,be|züg|lich
biegen,bie|gen
bin,bin
bis,bis
bohren,boh|ren
brünieren,brü|nie|ren
bummeln,bum|meln
bördeln,bör|deln
clinchen,clin|chen
coaten,coat|en
coden,co|den
crimpen,crim|pen
dabei,da|bei
dank,dank
darf,darf
darfst,darfst
das,das
dass,dass
dein,dei|ne
deiner,dei|ner
deins,deins
dem,dem
demontieren,de|mon|tie|ren
den,den
denn,denn
der,der
des,des
dickte,dick|te
dickten,dick|ten
dicktest,dick|test
dicktet,dick|tet
die,die
dies,dies
diese,die|se
diesen,die|sen
dieser,die|ser
dieses,die|ses
diesseits,dies|seits
dimensionieren,di|men|sio|nie|ren
drehen,dre|hen
drücken,drü|cken
du,du
durch,durch
durfte,durf|te
durften,durf|ten
durftest,durf|test
durftet,durf|tet
dübeln,dü|beln
dünsten,düns|ten
dünstete,düns|te|te
dünsteten,düns|te|ten
dünstetest,düns|te|test
dünstetet,düns|te|tet
dürfen,dür|fen
dürft,dürft
eichen,ei|chen
ein,ein
eindrücken,ein|drü|cken
eine,ei|ne
einer,ei|ner
einige,ei|ni|ge
einkochen,ein|ko|chen
einmachen,ein|ma|chen
einpressen,ein|pres|sen
einrasten,ein|ras|ten
einschlagen,ein|schla|gen
einschließlich,ein|schließ|lich
einstellen,ein|stel|len
einwecken,ein|we|cken
emaillieren,e|mail|lie|ren
englisch,eng|lisch
entgegen,ent|ge|gen
entgraten,ent|gra|ten
entlang,ent|lang
entsprechend,ent|sprech|end
entweder,ent|we|der
entwerfen,ent|wer|fen
entwickeln,ent|wi|ckeln
er,er
erodieren,e|ro|die|ren
erste,er|ste
ersten,er|sten
erstmals,erst|mals
erwerben,er|wer|ben
erzielt,er|zielt
eröffnen,er|öff|nen
eröffneten,er|öff|ne|ten
es,es
euer,eu|er
euers,eu|ers
eure,eu|re
europäische,eu|ro|pä|i|sche
fahren,fah|ren
falzen,fal|zen
feilen,fei|len
fern,fern
festschrauben,fest|schrau|ben
fetten,fet|ten
filetieren,fi|le|tie|ren
filetierte,fil|le|tier|te
filetierten,fi|le|tier|ten
filetiertest,fi|le|tier|test
filetiertet,fi|le|tier|tet
finanziell,fi|nan|ziell
flachsenken,flach|sen|ken
flambieren,flam|bie|ren
flambierte,flam|bier|te
flambierten,flam|bier|ten
flambiertest,flam|bier|test
flambiertet,flam|bier|tet
flanieren,fla|nie|ren
fliegen,flie|gen
fließpressen,fließ|pres|sen
folgende,fol|gen|de
folgten,folg|ten
fräsen,frä|sen
fungiert,fun|giert
fügen,fü|gen
führte,führ|te
für,für
gab,gab
gallopieren,gal|lo|pie|ren
galvanisieren,gal|va|ni|sie|ren
garantiertes,ga|ran|tier|tes
garen,ga|ren
garte,gar|te
garten,gar|ten
gartest,gar|test
gartet,gar|tet
gefördert,ge|för|dert
gegen,ge|gen
gegenwärtig,ge|gen|wär|tig
gegenüber,ge|gen|ü|ber
gegründet,ge|grün|det
gehen,ge|hen
gehören,ge|hö|ren
gemeinsame,ge|mein|sa|me
gemäß,ge|mäß
genannt,ge|nannt
gerufen,ge|ru|fen
gesenkformen,ge|senk|for|men
getroffen,ge|trof|fen
gewarnt,ge|warnt
gießen,gie|ßen
gleitziehen,gleit|zie|hen
globalen,glo|ba|len
goss,goss
gossen,gos|sen
gossest,gos|sest
gosst,gosst
grillen,gril|len
grillte,grill|te
grillten,gril|ten
grilltest,grill|test
grilltet,grill|tet
hartlöten,hart|lö|ten
hat,hat
hatte,hat|te
heizte,heiz|te
heizten,heiz|ten
heiztest,heiz|test
hinter,hin|ter
hob,hob
hoben,ho|ben
hobst,hobst
hobt,hobt
honen,ho|nen
humpeln,hum|peln
hydrographische,hy|dro|gra|phi|sche
härten,här|ten
hüpfen,hüp|fen
ich,ich
ihr,ihr
ihre,ih|re
ihrer,ih|rer
ihrs,ihrs
im,im
in,in
indem,in|dem
indigenen,in|di|ge|nen
infolge,in|fol|ge
initiiert,i|ni|ti|iert
inmitten,in|mit|ten
inne,in|ne
innerhalb,in|ner|halb
ins,ins
international,in|ter|na|ti|o|nal
internationale,in|ter|na|ti|o|na|le
interparlamentarische,in|ter|par|la|men|ta|ri|sche
ist,ist
je,je
jene,je|ne
jener,je|ner
jenes,je|nes
jenseits,jen|seits
joggen,jog|gen
justieren,jus|tie|ren
kalibrieren,ka|li|brie|ren
kann,kann
kannst,kannst
karamellisieren,ka|ra|mel|li|sie|ren
karamellisierte,ka|ra|mel|li|sier|te
karamellisierten,ka|ra|mel|li|sier|ten
karamellisiertest,ka|ra|mel|li|sier|test
karamellisiertet,ka|ra|mel|li|sier|tet
kegelsenken,ke|gel|sen|ken
keine,kei|ne
kleben,kle|ben
klettern,klet|tern
klipsen,klip|sen
kochen,ko|chen
kochte,koch|te
kochten,koch|ten
kochtest,koch|test
kochtet,koch|tet
konfigurieren,kon|fi|gu|rie|ren
konnte,konn|te
konnten,konn|ten
konntest,konn|test
koordiniert,ko|or|di|niert
kraft,kraft
kriechen,krie|chen
kugelstrahlen,ku|gel|strah|len
können,kön|nen
könnt,könnt
lackieren,la|ckie|ren
laserschneiden,la|ser|schnei|den
laufen,lau|fen
laut,laut
lebenden,le|ben|den
lehren,leh|ren
losschrauben,los|schrau|ben
längs,längs
läppen,läp|pen
lösen,lö|sen
löten,lö|ten
mag,mag
magst,magst
maritime,ma|ri|ti|me
massivumformen,mas|siv|um|for|men
mein,mein
meine,mei|ne
meiner,mei|ner
meins,meins
messen,mes|sen
mit,mit
mithilfe,mit|hil|fe
mitsamt,mit|samt
mittels,mit|tels
mixen,mix|en
mixte,mix|te
mixten,mix|ten
mixtest,mix|test
mixtet,mix|tet
mochte,moch|te
mochten,moch|ten
mochtest,moch|test
mochtet,moch|tet
montieren,mon|tie|ren
muss,muss
musst,musst
musste,muss|te
mussten,muss|ten
musstest,muss|test
musstet,muss|tet
mögen,mö|gen
mögt,mögt
müssen,müs|sen
müsst,müsst
nach,nach
nahe,na|he
nahm,nahm
nahmen,nah|men
nahmst,nahmst
nahmt,nahmt
neben,ne|ben
nebst,nebst
neue,neu|e
nibbeln,nib|beln
nicht,nicht
nicht-Arktische,nicht-|Arktische
nichtstaatliche,nicht|staat|li|che
nieten,nie|ten
noch,noch
nächst,nächst
ob,ob
oberhalb,o|ber|halb
oder,o|der
of,of
ohne,oh|ne
on,on
oxidieren,o|xi|die|ren
pellen,pel|len
pellte,pell|te
pellten,pell|ten
pelltest,pell|test
pelltet,pell|tet
permanent,per|ma|nent
plandrehen,plan|dre|hen
planen,pla|nen
planfräsen,plan|frä|sen
polieren,po|lie|ren
politische,po|li|ti|sche
positiven,po|si|ti|ven
probieren,pro|bie|ren
probierte,pro|bier|te
probierten,pro|bier|ten
probiertest,pro|bier|test
probiertet,pro|bier|tet
profilieren,pro|fi|lie|ren
programmieren,pro|gram|mie|ren
prüfen,prü|fen
pulverbeschichten,pul|ver|be|schich|ten
putzen,put|zen
putzte,putz|te
putzten,putz|ten
putztest,putz|test
putztet,putz|tet
pürieren,pü|rie|ren
pürierte,pü|rier|te
pürierten,pü|rier|ten
püriertest,pü|rier|test
püriertet,pü|rier|tet
reiten,rei|ten
rennen,ren|nen
richten,rich|ten
rotiert,ro|tiert
ruhen,ru|hen
ruhte,ruh|te
ruhten,ruh|ten
ruhtest,ruh|test
ruhtet,ruh|tet
rundkneten,rund|kne|ten
russischen,rus|si|schen
räumen,räu|men
rühren,rüh|ren
rührte,rühr|te
rührten,rühr|ten
rührtest,rühr|test
rührtet,rühr|tet
rüsten,rüs|ten
salzen,sal|zen
salzte,salz|te
salzten,salz|ten
salztest,salz|test
salztet,salz|tet
sandstrahlen,sand|strah|len
schichten,schich|ten
schichtete,schich|te|te
schichteten,schich|te|ten
schichtetest,schich|te|test
schichtetet,schich|te|tet
schlagen,schla|gen
schleichen,schlei|chen
schleifen,schlei|fen
schlug,schlug
schlugen,schlu|gen
schlugst,schlugst
schlugt,schlugt
schmeckte,schmeck|te
schmeckten,schmeck|ten
schmecktest,schmeck|test
schmecktet,schmeck|tet
schmieren,schmie|ren
schrauben,schrau|ben
schweben,schwe|ben
schweißen,schwei|ßen
schwimmen,schwim|men
schwitzte,schwitz|te
schwitzten,schwitz|ten
schwitztest,schwitz|test
schwitztet,schwitz|tet
schälen,schä|len
schälte,schäl|te
schälten,schäl|ten
schältest,schäl|test
schältet,schäl|tet
sechs,sechs
segeln,se|geln
sei,sei
sein,sein
seine,sei|ne
seiner,sei|ner
seins,seins
seit,seit
seitens,sei|tens
setzte,setz|te
setzten,setz|ten
setztest,setz|test
setztet,setz|tet
sich,sich
sie,sie
sind,sind
sintern,sin|tern
so,so
sogenannte,so|ge|nann|te
soll,soll
sollen,sol|len
sollst,sollst
sollt,sollt
sollte,soll|te
sollten,soll|ten
solltest,soll|test
solltet,soll|tet
sowie,so|wie
spanen,spa|nen
spazieren,spa|zie|ren
springen,sprin|gen
sprinten,sprin|ten
spurten,spur|ten
staatlichen,staat|li|chen
stapfen,stap|fen
statt,statt
stauchen,stau|chen
stolpern,stol|pern
strahlen,strah|len
stranggießen,strang|gie|ßen
strangpressen,strang|pres|sen
streckziehen,streck|zie|hen
ständige,stän|di|ge
ständigem,stän|di|gem
ständigen,stän|di|gen
ständiger,stän|di|ger
suchen,su|chen
surfen,sur|fen
sägen,sä|gen
tanzen,tan|zen
tauchen,tau|chen
taumeln,tau|meln
tempern,tem|pern
the,the
tiefziehen,tief|zie|hen
traben,tra|ben
trampeln,tram|peln
treiben,trei|ben
trocknete,trock|ne|te
trockneten,trock|ne|ten
trocknetest,trock|ne|test
trocknetet,trock|ne|tet
tropfte,tropf|te
tropften,tropf|ten
tropftest,tropf|test
tropftet,tropf|tet
trotz,trotz
tänzeln,tän|zeln
um,um
umfassende,um|fas|sen|de
umformen,um|for|men
umrühren,um|rüh|ren
unbeachtet,un|be|ach|tet
unbeschadet,un|be|scha|det
und,und
unerachtet,un|er|ach|tet
ungeachtet,un|ge|ach|tet
unser,un|ser
unsere,un|se|re
unserer,un|se|rer
unsers,un|sers
unter,un|ter
unterhalb,un|ter|halb
unterheben,un|ter|he|ben
unterrühren,un|ter|rüh|ren
unterstützen,un|ter|stüt|zen
unterzeichnen,un|ter|zeich|nen
unterzeichnet,un|ter|zeich|net
unweit,un|weit
urformen,ur|for|men
verbindliche,ver|bind|li|che
vercrimpen,ver|crim|pen
verdrahten,ver|drah|ten
vereinigte,ver|ei|nig|te
vereinigtes,ver|ei|nig|tes
vereinten,ver|ein|ten
verfahren,ver|fah|ren
verhandelt,ver|han|delt
verlegen,ver|le|gen
vernieten,ver|nie|ten
verschiedene,ver|schie|de|ne
verschlauchen,ver|schlau|chen
verschrauben,ver|schrau|ben
verschweißen,ver|schwei|ßen
veröffentlichte,ver|öf|fent|lich|te
von,von
vor,vor
vorheizen,vor|hei|zen
walzen,wal|zen
war,war
warten,war|ten
wasserstrahlschneiden,was|ser|strahl|schnei|den
weckte,weck|te
weckten,weck|ten
wecktest,weck|test
wecktet,weck|tet
wegen,we|gen
weichlöten,weich|lö|ten
weil,weil
wenngleich,wenn|gleich
werden,wer|den
wider,wi|der
wie,wie
will,will
willst,willst
wir,wir
wissenschaftliche,wis|sen|schaft|li|che
wollen,wol|len
wollt,wollt
wollte,woll|te
wollten,woll|ten
wolltest,woll|test
wolltet,woll|tet
worden,wor|den
wurde,wur|de
wusch,wusch
wuschen,wu|schen
wuschst,wuschst
wuscht,wuscht
während,wäh|rend
wärmte,wärm|te
wärmten,wärm|ten
wärmtest,wärm|test
wärmtet,wärm|tet
würde,wür|de
würzen,wür|zen
würzte,würz|te
würzten,würz|ten
würztest,würz|test
würztet,würz|tet
zeit,zeit
zerschneiden,zer|schnei|den
zerteilen,zer|tei|len
zu,zu
zugelassen,zu|ge|las|sen
zugunsten,zu|guns|ten
zum,zum
zunächst,zu|nächst
zur,zur
zuvor,zu|vor
zwei,zwei
zwischen,zwi|schen
zwischenstaatliche,zwi|schen|staat|li|che
zwischenstaatliches,zwi|schen|staat|li|ches
Übereinkunft,Ü|ber|ein|kunft
ölen,ö|len
über,ü|ber
überholen,ü|ber|ho|len
überqueren,ü|ber|que|ren
überrunden,ü|ber|run|den
